Anio;TipoCampana;Item;Monto
2016;Concejales;na;124115841
2016;Alcaldes;na;94277798
2017;Concejales;na;124115841
2017;Alcaldes;na;94277798
2017;Senadores;PRODUCCION CAPSULA PARLAMENTARIA;13750000
2017;Diputados;PROPAGANDA IMPRESA;11440000
2017;Senadores;APORTE MONETARIO PARTIDO POLITICO A CANDIDATO;8000000
2017;Senadores;ENCUESTA;7467332
2017;Senadores;CIERRE DE CAMPAÑA;7200000
2017;Senadores;DIPTICOS PALOMAS;6775265
2017;Senadores;CALENDARIOS PROPAGANDA;5935125
2017;Senadores;EXCESO APORTE;5573442
2017;Senadores;PRODUCCION EVENTO;3000000
2017;Senadores;IMPRESIONES DE AFICHES;2536380
2017;Senadores;FRASES RADIALES RADIO MARAY DE ATACAMA;2499000
2017;Diputados;VOLANTES;2142000
2017;Senadores;ENVIO DE MENSAJES POR WHATSAPP;2000000
2017;Senadores;VOLANTES DIPTICOS AUTOADHESIVOS;1813560
2017;Senadores;UNIFORME BRIGADISTAS;1486310
2017;Senadores;COLIGÜES;1309000
2017;Senadores;PROPAGANDA ELECTORAL;1289701
2017;Senadores;PROPAGANDA ELECTORAL;1230000
2017;Senadores;IMPRESIONES DE BANNER;1220155
2017;Senadores;FRASES RADIALES RADIO TAMARUGAL DE CALDERA;1175000
2017;Senadores;IMPRESIONES BANNER CAMPAÑA;1074856
2017;Diputados;BRIGADISTA;1074000
2017;Diputados;VOLANTES;959140
2017;Senadores;TRANSPORTE MATERIAL PARA CAMPAÑA;900001
2017;Senadores;TRASLADO MATERIAL CAMPAÑA;833000
2017;Diputados;VOLANTES;749700
2017;Senadores;DIPTICOS;741370
2017;Diputados;CHAPITAS Y BOLSAS;721140
2017;Senadores;PUBLICIDAD RADIAL;708050
2017;Senadores;PUBLICIDAD RADIAL;699720
2017;Senadores;PUBLICIDAD RADIAL;678300
2017;Senadores;BRIGADISTA DE CAMPAÑA;660000
2017;Senadores;BRIGADISTA CAMPAÑA;660000
2017;Diputados;BRIGADISTA;660000
2017;Senadores;ARRIENDO ESPACIO RADIAL;643552
2017;Senadores;PUBLICIDAD CINTILLO;642600
2017;Diputados;VOLANTES;633080
2017;Senadores;SERVICIO ADMINISTRADOR ELECTORAL GENERAL;611111
2017;Diputados;BRIGADISTA;600000
2017;Senadores;SERVICIO DE TRANSPORTE DE PALOMAS;595000
2017;Senadores;PUBLICIDAD RADIAL;575920
2017;Senadores;CAMPAÑA PUBLICITARIA;568112
2017;Senadores;DIPTICOS COUCHE;543830
2017;Senadores;GASTOS MENORES;503330
2017;Senadores;GESTION EN PROPAGANDA ELECTORAL;500000
2017;Senadores;REDES SOCIALES CAMPAÑA ELECTORAL;500000
2017;Diputados;CORTAVIENTOS BRIGADISTAS;450000
2017;Senadores;TRABAJO ADMINISTRATIVO ELECTORAL OCTUBRE;444444
2017;Senadores;TRABAJO ADMINISTRATIVO ELECTORAL NOVIEMBRE;444444
2017;Senadores;PROPAGANDA RADIAL;408000
2017;Senadores;ARRIENDO ESPACIO RADIAL;400000
2017;Senadores;SESION FOTOGRAFICA CANDIDATOS SENADORES;375000
2017;Senadores;PUBLICIDAD RADIO XQA-5 Y RADIO ANDREA;357000
2017;Senadores;RESPALDO AUDIOVISUAL FRANJA ELECTORAL;300000
2017;Diputados;BRIGADISTA;300000
2017;Diputados;BRIGASDISTA;280000
2017;Senadores;UNIFORME BRIGADISTAS;278460
2017;Diputados;BRIGADISTA;220000
2017;Senadores;EMPRESA NO ENTREGA LA FACTURA;207712
2017;Senadores;PROPAGANDA RADIAL;202500
2017;Senadores;DISEÑO MATERIAL DE CAMPAÑA;200000
2017;Senadores;PUBLICIDAD PAG 10 EDICION 1897;190400
2017;Senadores;PUBLICIDAD;190400
2017;Senadores;CAMPAÑA PUBLICITARIA;190064
2017;Senadores;RESERVA BZHZBM;159312
2017;Senadores;CARPETAS Y CREDENCIALES PARA CAMPAÑA;147560
2017;Senadores;RESERVA XRRNEF;139396
2017;Diputados;BOLSAS TNT;117810
2017;Senadores;RESERVA CDTWDD;111836
2017;Senadores;PUBLICIDAD POLÍTICA;100000
2017;Senadores;RESERVA VANUYL;95792
2017;Senadores;RESERVA CQJRWG;68624
2017;Senadores;RESERVA JMOYKM;64836
2017;Diputados;VOLANTES;64260
2017;Senadores;RESERVA PQAMZM;53792
2017;Senadores;RESERVA CEEHDY;52792
2017;Senadores;FOTOGRAFIAS SENADORES;44000
2017;Senadores;EMPRESA NO ENTREGA LA FACTURA;38396
2017;Senadores;RESERVA PSCAPL;37906
2018;Concejales;na;124115841
2018;Alcaldes;na;94277798
2019;Concejales;na;124115841
2019;Alcaldes;na;94277798
2020;Concejales;na;124115841
2020;Alcaldes;na;94277798
2020;Plebiscito;Publicidad radial;5716021
2020;Plebiscito;Franja Televisiva;3500000
2020;Plebiscito;Publicidad redes sociales;1600000
2020;Plebiscito;Afiches publicitarios;205870
2020;Plebiscito;Publicida radial;190400
2020;Plebiscito;Afiches publicitarios;14875
2021;Convencionales Constituyentes;Aportes a candidatos;129800000
2021;Concejales;na;124115841
2021;Concejales;Aportes a candidatos;116150297
2021;Consejeros Regionales;Aportes a candidatos;111303000
2021;Diputados;Aportes a candidatos;108500000
2021;Alcalde;Aportes a candidatos;94340000
2021;Alcaldes;na;94277798
2021;Senadores;Aportes a candidatos;85000000
2021;Diputados;Publicidad electoral;67717859
2021;Consejeros Regionales;Publicidad electoral;38743039
2021;Gobernador Regional;Aportes a candidatos;37500000
2021;Primarias Presidenciales;Publicidad electoral;36669504
2021;Senadores;Publicidad electoral;31906865
2021;Convencionales Constituyentes;Publicidad electoral;25221067
2021;Consejeros Regionales;Honorarios;14544471
2021;Alcalde;Publicidad electoral;13783570
2021;Alcalde;Honorarios;11149662
2021;Concejales;Publicidad electoral;6842091
2021;Diputados;Honorarios;6691117
2021;Convencionales Constituyentes;Honorarios;4656682
2021;Gobernador Regional;Honorarios;3405555
2021;Senadores;Honorarios;3316384
2021;Convencionales Constituyentes;Honorarios;3144446
2021;Concejales;Publicidad electoral;3134350
2021;Alcalde;Aportes a candidatos;3000000
2021;Concejales;Honorarios;2505556
2021;Gobernador Regional;Publicidad electoral;2306582
2021;Concejales;Aportes a candidatos;1800000
2021;Gobernador Regional;Honorarios;1700001
2021;Concejales;Honorarios;1589000
2021;Primarias Presidenciales;Publicidad electoral;1427995
2021;Convencionales Constituyentes;Publicidad electoral;1291150
2021;Alcalde;Honorarios;1205556
2021;Gobernador Regional;Publicidad electoral;1142757
2021;Primarias Presidenciales;Traslado de materiales;1075760
2021;Presidencial;Honorarios;800000
2021;Primarias Presidenciales;Telefonía Celular;52990
2022;Plebiscito;Publicidad electoral;190660107
2022;Concejales;na;124115841
2022;Alcaldes;na;94277798
2022;Plebiscito;Honorarios;12657769
2022;Plebiscito;Publicidad electoral;7807693
2022;Plebiscito;Gastos menores;2226703
2022;Plebiscito;Gastos menores;1997842
2022;Plebiscito;Honorarios;1795442
2023;Plebiscito;Publicidad Electoral;300791917
2023;Consejeros Constitucionales;Publicidad electoral;159673572
2023;Consejeros Constitucionales;Publicidad electoral;137631569
2023;Concejales;na;124115841
2023;Alcaldes;na;94277798
2023;Plebiscito;Material Grafico Campaña;22852498
2023;Plebiscito;Honorarios Campaña;6000000
2023;Consejeros Constitucionales;Honorarios campaña;5534600
2023;Consejeros Constitucionales;Material gráfico;4470235
2023;Plebiscito;Otros gastos Electorales;3590842
2023;Consejeros Constitucionales;Otros gastos campaña;3492149
2023;Consejeros Constitucionales;Preparación candidatos;2100000
2023;Plebiscito;Otros gastos Electorales BCI;1712535
2023;Plebiscito;Gastos Menores Campaña;1567547
2023;Plebiscito;Publicidad Electoral BCI;1233324
2023;Consejeros Constitucionales;Gastos menores;576410
2023;Consejeros Constitucionales;Honorarios;574713
2023;Plebiscito;Gastos Menores Campaña BCI;150000
2024;Concejal;Publicidad Electoral;409046414
2024;Alcalde;Publicidad Electoral;273679301
2024;Consejeros Regionales;Publicidad Electoral;194245747
2024;Consejeros Regionales;Publicidad Electoral;132740616
2024;Concejales;na;124115841
2024;Alcaldes;na;94277798
2024;Gobernadores Regionales;Publicidad Electoral;76675000
2024;Gobernadores Regionales;Publicidad Electoral;12232895
2024;Concejal;Publicidad Electoral;12145751
2024;Plebiscito;Honorarios Campaña;5000000
2024;Alcalde;Publicidad Electoral;4239431
2024;Plebiscito;Otros gastos Electorales;1166346
2024;Plebiscito;Material Grafico Campaña;892500
2024;Plebiscito;Publicidad Electoral;692740
2025;Presidencial;Aporte Candidata;310290000
2025;Concejales;na;124115841
2025;Alcaldes;na;94277798
2025;Presidencial;Publicidad Electoral;90166875
2025;Diputados;Publicidad Electoral;84080654
2025;Parlamentaria;Publicidad Electoral;75500000
2025;Senadores;Aporte Candidata;48500000
2025;Senadores;Publicidad Electoral;45190000
2025;Presidenciales;Publicidad Electoral;22500000
2025;Diputados;Aporte Candidata;5000000
2025;Presidenciales;Material Grafico Campaña;3952000
2025;Diputados;Otros;851812
2025;Presidencial;Otros;102125
2025;Senadores;Otros;7531
2026;Concejales;na;124115841
2026;Alcaldes;na;94277798
