Periodo;c1;c2;c3;c4;c5;c6;c7
2016 | Gastos efectuados en campaña O;2016;Oct - Dic;Alcaldes;na;Pesos;94.277.798;Aprobado
2016 | Gastos efectuados en campaña O;2016;Oct - Dic;Concejales;na;Pesos;124.115.841;Aprobado
2017 | Gastos efectuados en campaña O;2016;Oct - Dic;Alcaldes;na;Pesos;94.277.798;Aprobado
2017 | Gastos efectuados en campaña O;2016;Oct - Dic;Concejales;na;Pesos;124.115.841;Aprobado
2017 | ENERO - MARZO;2017;Ene - Mar;no aplica;no aplica;Pesos;0;Aprobado
2017 | ABRIL - JUNIO;2017;Abr - Jun;no aplica;no aplica;Pesos;0;Aprobado
2017 | JULIO - SEPTIEMBRE;2017;Jul - Sep;no aplica;no aplica;Pesos;0;Aprobado
2017 | OCTUBRE - DICIEMBRE;2017;Oct - Dic;Senadores;BRIGADISTA DE CAMPAÑA;Pesos;660.000;Aprobado
2017 | OCTUBRE - DICIEMBRE;2017;Oct - Dic;Senadores;BRIGADISTA DE CAMPAÑA;Pesos;660.000;Aprobado
2017 | OCTUBRE - DICIEMBRE;2017;Oct - Dic;Senadores;BRIGADISTA DE CAMPAÑA;Pesos;660.000;Aprobado
2017 | OCTUBRE - DICIEMBRE;2017;Oct - Dic;Senadores;BRIGADISTA DE CAMPAÑA;Pesos;660.000;Aprobado
2017 | OCTUBRE - DICIEMBRE;2017;Oct - Dic;Senadores;BRIGADISTA DE CAMPAÑA;Pesos;660.000;Aprobado
2017 | OCTUBRE - DICIEMBRE;2017;Oct - Dic;Senadores;BRIGADISTA DE CAMPAÑA;Pesos;660.000;Aprobado
2017 | OCTUBRE - DICIEMBRE;2017;Oct - Dic;Senadores;BRIGADISTA DE CAMPAÑA;Pesos;660.000;Aprobado
2017 | OCTUBRE - DICIEMBRE;2017;Oct - Dic;Senadores;BRIGADISTA DE CAMPAÑA;Pesos;660.000;Aprobado
2017 | OCTUBRE - DICIEMBRE;2017;Oct - Dic;Senadores;BRIGADISTA DE CAMPAÑA;Pesos;660.000;Aprobado
2017 | OCTUBRE - DICIEMBRE;2017;Oct - Dic;Senadores;BRIGADISTA DE CAMPAÑA;Pesos;660.000;Aprobado
2017 | OCTUBRE - DICIEMBRE;2017;Oct - Dic;Senadores;BRIGADISTA DE CAMPAÑA;Pesos;660.000;Aprobado
2017 | OCTUBRE - DICIEMBRE;2017;Oct - Dic;Senadores;BRIGADISTA DE CAMPAÑA;Pesos;660.000;Aprobado
2017 | OCTUBRE - DICIEMBRE;2017;Oct - Dic;Senadores;BRIGADISTA DE CAMPAÑA;Pesos;660.000;Aprobado
2017 | OCTUBRE - DICIEMBRE;2017;Oct - Dic;Senadores;SESION FOTOGRAFICA CANDIDATOS SENADORES;Pesos;375.000;Aprobado
2017 | OCTUBRE - DICIEMBRE;2017;Oct - Dic;Senadores;SERVICIO ADMINISTRADOR ELECTORAL GENERAL;Pesos;611.111;Aprobado
2017 | OCTUBRE - DICIEMBRE;2017;Oct - Dic;Senadores;TRABAJO ADMINISTRATIVO ELECTORAL OCTUBRE;Pesos;444.444;Aprobado
2017 | OCTUBRE - DICIEMBRE;2017;Oct - Dic;Senadores;TRABAJO ADMINISTRATIVO ELECTORAL NOVIEMBRE;Pesos;444.444;Aprobado
2017 | OCTUBRE - DICIEMBRE;2017;Oct - Dic;Senadores;PUBLICIDAD CINTILLO;Pesos;642.600;Aprobado
2017 | OCTUBRE - DICIEMBRE;2017;Oct - Dic;Senadores;APORTE MONETARIO PARTIDO POLITICO A CANDIDATO;Pesos;8.000.000;Aprobado
2017 | OCTUBRE - DICIEMBRE;2017;Oct - Dic;Senadores;FOTOGRAFIAS SENADORES;Pesos;44.000;Aprobado
2017 | OCTUBRE - DICIEMBRE;2017;Oct - Dic;Senadores;ENCUESTA;Pesos;7.467.332;Aprobado
2017 | OCTUBRE - DICIEMBRE;2017;Oct - Dic;Senadores;CIERRE DE CAMPAÑA;Pesos;7.200.000;Aprobado
2017 | OCTUBRE - DICIEMBRE;2017;Oct - Dic;Senadores;GASTOS MENORES;Pesos;503.330;Aprobado
2017 | OCTUBRE - DICIEMBRE;2017;Oct - Dic;Senadores;BRIGADISTA DE CAMPAÑA;Pesos;660.000;Aprobado
2017 | OCTUBRE - DICIEMBRE;2017;Oct - Dic;Senadores;PRODUCCION CAPSULA PARLAMENTARIA;Pesos;13.750.000;Aprobado
2017 | OCTUBRE - DICIEMBRE;2017;Oct - Dic;Senadores;GESTION EN PROPAGANDA ELECTORAL;Pesos;500.000;Aprobado
2017 | OCTUBRE - DICIEMBRE;2017;Oct - Dic;Senadores;BRIGADISTA CAMPAÑA;Pesos;660.000;Aprobado
2017 | OCTUBRE - DICIEMBRE;2017;Oct - Dic;Senadores;BRIGADISTA CAMPAÑA;Pesos;660.000;Aprobado
2017 | OCTUBRE - DICIEMBRE;2017;Oct - Dic;Senadores;DISEÑO MATERIAL DE CAMPAÑA;Pesos;200.000;Aprobado
2017 | OCTUBRE - DICIEMBRE;2017;Oct - Dic;Senadores;PROPAGANDA RADIAL;Pesos;408.000;Aprobado
2017 | OCTUBRE - DICIEMBRE;2017;Oct - Dic;Senadores;PROPAGANDA RADIAL;Pesos;202.500;Aprobado
2017 | OCTUBRE - DICIEMBRE;2017;Oct - Dic;Senadores;ENVIO DE MENSAJES POR WHATSAPP;Pesos;2.000.000;Aprobado
2017 | OCTUBRE - DICIEMBRE;2017;Oct - Dic;Senadores;PUBLICIDAD RADIAL;Pesos;699.720;Aprobado
2017 | OCTUBRE - DICIEMBRE;2017;Oct - Dic;Senadores;PUBLICIDAD RADIAL;Pesos;708.050;Aprobado
2017 | OCTUBRE - DICIEMBRE;2017;Oct - Dic;Senadores;CALENDARIOS PROPAGANDA;Pesos;5.935.125;Aprobado
2017 | OCTUBRE - DICIEMBRE;2017;Oct - Dic;Senadores;RESERVA XRRNEF;Pesos;139.396;Aprobado
2017 | OCTUBRE - DICIEMBRE;2017;Oct - Dic;Senadores;RESERVA CEEHDY;Pesos;52.792;Aprobado
2017 | OCTUBRE - DICIEMBRE;2017;Oct - Dic;Senadores;RESERVA VANUYL;Pesos;95.792;Aprobado
2017 | OCTUBRE - DICIEMBRE;2017;Oct - Dic;Senadores;RESERVA JMOYKM;Pesos;64.836;Aprobado
2017 | OCTUBRE - DICIEMBRE;2017;Oct - Dic;Senadores;RESERVA PQAMZM;Pesos;53.792;Aprobado
2017 | OCTUBRE - DICIEMBRE;2017;Oct - Dic;Senadores;RESERVA CDTWDD;Pesos;111.836;Aprobado
2017 | OCTUBRE - DICIEMBRE;2017;Oct - Dic;Senadores;RESERVA PSCAPL;Pesos;37.906;Aprobado
2017 | OCTUBRE - DICIEMBRE;2017;Oct - Dic;Senadores;RESERVA BZHZBM;Pesos;159.312;Aprobado
2017 | OCTUBRE - DICIEMBRE;2017;Oct - Dic;Senadores;RESERVA CQJRWG;Pesos;68.624;Aprobado
2017 | OCTUBRE - DICIEMBRE;2017;Oct - Dic;Senadores;EMPRESA NO ENTREGA LA FACTURA;Pesos;207.712;Aprobado
2017 | OCTUBRE - DICIEMBRE;2017;Oct - Dic;Senadores;EMPRESA NO ENTREGA LA FACTURA;Pesos;38.396;Aprobado
2017 | OCTUBRE - DICIEMBRE;2017;Oct - Dic;Senadores;EXCESO APORTE;Pesos;5.573.442;Aprobado
2017 | OCTUBRE - DICIEMBRE;2017;Oct - Dic;Senadores;TRASLADO MATERIAL CAMPAÑA;Pesos;833.000;Aprobado
2017 | OCTUBRE - DICIEMBRE;2017;Oct - Dic;Senadores;UNIFORME BRIGADISTAS;Pesos;1.486.310;Aprobado
2017 | OCTUBRE - DICIEMBRE;2017;Oct - Dic;Senadores;COLIGÜES;Pesos;1.309.000;Aprobado
2017 | OCTUBRE - DICIEMBRE;2017;Oct - Dic;Senadores;TRANSPORTE MATERIAL PARA CAMPAÑA;Pesos;900.001;Aprobado
2017 | OCTUBRE - DICIEMBRE;2017;Oct - Dic;Senadores;PUBLICIDAD RADIAL;Pesos;678.300;Aprobado
2017 | OCTUBRE - DICIEMBRE;2017;Oct - Dic;Senadores;REDES SOCIALES CAMPAÑA ELECTORAL;Pesos;500.000;Aprobado
2017 | OCTUBRE - DICIEMBRE;2017;Oct - Dic;Senadores;FRASES RADIALES RADIO TAMARUGAL DE CALDERA;Pesos;1.175.000;Aprobado
2017 | OCTUBRE - DICIEMBRE;2017;Oct - Dic;Senadores;VOLANTES DIPTICOS AUTOADHESIVOS;Pesos;1.813.560;Aprobado
2017 | OCTUBRE - DICIEMBRE;2017;Oct - Dic;Senadores;IMPRESIONES BANNER CAMPAÑA;Pesos;1.074.856;Aprobado
2017 | OCTUBRE - DICIEMBRE;2017;Oct - Dic;Senadores;FRASES RADIALES RADIO MARAY DE ATACAMA;Pesos;2.499.000;Aprobado
2017 | OCTUBRE - DICIEMBRE;2017;Oct - Dic;Senadores;RESPALDO AUDIOVISUAL FRANJA ELECTORAL;Pesos;300.000;Aprobado
2017 | OCTUBRE - DICIEMBRE;2017;Oct - Dic;Senadores;PUBLICIDAD PAG 10 EDICION 1897;Pesos;190.400;Aprobado
2017 | OCTUBRE - DICIEMBRE;2017;Oct - Dic;Senadores;ARRIENDO ESPACIO RADIAL;Pesos;400.000;Aprobado
2017 | OCTUBRE - DICIEMBRE;2017;Oct - Dic;Senadores;IMPRESIONES DE BANNER;Pesos;1.220.155;Aprobado
2017 | OCTUBRE - DICIEMBRE;2017;Oct - Dic;Senadores;IMPRESIONES DE AFICHES;Pesos;2.536.380;Aprobado
2017 | OCTUBRE - DICIEMBRE;2017;Oct - Dic;Senadores;CARPETAS Y CREDENCIALES PARA CAMPAÑA;Pesos;147.560;Aprobado
2017 | OCTUBRE - DICIEMBRE;2017;Oct - Dic;Senadores;PRODUCCION EVENTO;Pesos;3.000.000;Aprobado
2017 | OCTUBRE - DICIEMBRE;2017;Oct - Dic;Senadores;PUBLICIDAD POLÍTICA;Pesos;100.000;Aprobado
2017 | OCTUBRE - DICIEMBRE;2017;Oct - Dic;Senadores;PUBLICIDAD RADIO XQA-5 Y RADIO ANDREA;Pesos;357.000;Aprobado
2017 | OCTUBRE - DICIEMBRE;2017;Oct - Dic;Senadores;ARRIENDO ESPACIO RADIAL;Pesos;643.552;Aprobado
2017 | OCTUBRE - DICIEMBRE;2017;Oct - Dic;Senadores;UNIFORME BRIGADISTAS;Pesos;278.460;Aprobado
2017 | OCTUBRE - DICIEMBRE;2017;Oct - Dic;Senadores;PROPAGANDA ELECTORAL;Pesos;1.230.000;Aprobado
2017 | OCTUBRE - DICIEMBRE;2017;Oct - Dic;Senadores;DIPTICOS PALOMAS;Pesos;6.775.265;Aprobado
2017 | OCTUBRE - DICIEMBRE;2017;Oct - Dic;Senadores;DIPTICOS;Pesos;741.370;Aprobado
2017 | OCTUBRE - DICIEMBRE;2017;Oct - Dic;Senadores;CAMPAÑA PUBLICITARIA;Pesos;568.112;Aprobado
2017 | OCTUBRE - DICIEMBRE;2017;Oct - Dic;Senadores;CAMPAÑA PUBLICITARIA;Pesos;190.064;Aprobado
2017 | OCTUBRE - DICIEMBRE;2017;Oct - Dic;Senadores;DIPTICOS COUCHE;Pesos;543.830;Aprobado
2017 | OCTUBRE - DICIEMBRE;2017;Oct - Dic;Senadores;PUBLICIDAD RADIAL;Pesos;575.920;Aprobado
2017 | OCTUBRE - DICIEMBRE;2017;Oct - Dic;Senadores;SERVICIO DE TRANSPORTE DE PALOMAS;Pesos;595.000;Aprobado
2017 | OCTUBRE - DICIEMBRE;2017;Oct - Dic;Senadores;PROPAGANDA ELECTORAL;Pesos;1.289.701;Aprobado
2017 | OCTUBRE - DICIEMBRE;2017;Oct - Dic;Senadores;BRIGADISTA DE CAMPAÑA;Pesos;660.000;Aprobado
2017 | OCTUBRE - DICIEMBRE;2017;Oct - Dic;Senadores;BRIGADISTA DE CAMPAÑA;Pesos;660.000;Aprobado
2017 | OCTUBRE - DICIEMBRE;2017;Oct - Dic;Senadores;BRIGADISTA DE CAMPAÑA;Pesos;660.000;Aprobado
2017 | OCTUBRE - DICIEMBRE;2017;Oct - Dic;Senadores;BRIGADISTA DE CAMPAÑA;Pesos;660.000;Aprobado
2017 | OCTUBRE - DICIEMBRE;2017;Oct - Dic;Senadores;BRIGADISTA DE CAMPAÑA;Pesos;660.000;Aprobado
2017 | OCTUBRE - DICIEMBRE;2017;Oct - Dic;Senadores;PUBLICIDAD;Pesos;190.400;Aprobado
2017 | OCTUBRE - DICIEMBRE;2017;Oct - Dic;Senadores;PUBLICIDAD;Pesos;190.400;Aprobado
2017 | OCTUBRE - DICIEMBRE;2017;Oct - Dic;Diputados;VOLANTES;Pesos;2.142.000;Aprobado
2017 | OCTUBRE - DICIEMBRE;2017;Oct - Dic;Diputados;BRIGASDISTA;Pesos;280.000;Aprobado
2017 | OCTUBRE - DICIEMBRE;2017;Oct - Dic;Diputados;PROPAGANDA IMPRESA;Pesos;11.440.000;Aprobado
2017 | OCTUBRE - DICIEMBRE;2017;Oct - Dic;Diputados;BRIGADISTA;Pesos;300.000;Aprobado
2017 | OCTUBRE - DICIEMBRE;2017;Oct - Dic;Diputados;BRIGADISTA;Pesos;1.074.000;Aprobado
2017 | OCTUBRE - DICIEMBRE;2017;Oct - Dic;Diputados;VOLANTES;Pesos;64.260;Aprobado
2017 | OCTUBRE - DICIEMBRE;2017;Oct - Dic;Diputados;VOLANTES;Pesos;959.140;Aprobado
2017 | OCTUBRE - DICIEMBRE;2017;Oct - Dic;Diputados;CHAPITAS Y BOLSAS;Pesos;721.140;Aprobado
2017 | OCTUBRE - DICIEMBRE;2017;Oct - Dic;Diputados;BRIGADISTA;Pesos;300.000;Aprobado
2017 | OCTUBRE - DICIEMBRE;2017;Oct - Dic;Diputados;BRIGADISTA;Pesos;600.000;Aprobado
2017 | OCTUBRE - DICIEMBRE;2017;Oct - Dic;Diputados;BRIGADISTA;Pesos;220.000;Aprobado
2017 | OCTUBRE - DICIEMBRE;2017;Oct - Dic;Diputados;BOLSAS TNT;Pesos;117.810;Aprobado
2017 | OCTUBRE - DICIEMBRE;2017;Oct - Dic;Diputados;CORTAVIENTOS BRIGADISTAS;Pesos;450.000;Aprobado
2017 | OCTUBRE - DICIEMBRE;2017;Oct - Dic;Diputados;BRIGADISTA;Pesos;660.000;Aprobado
2017 | OCTUBRE - DICIEMBRE;2017;Oct - Dic;Diputados;VOLANTES;Pesos;633.080;Aprobado
2017 | OCTUBRE - DICIEMBRE;2017;Oct - Dic;Diputados;VOLANTES;Pesos;749.700;Aprobado
2018 | Gastos efectuados en campaña O;2016;Oct - Dic;Alcaldes;na;Pesos;94.277.798;Aprobado
2018 | Gastos efectuados en campaña O;2016;Oct - Dic;Concejales;na;Pesos;124.115.841;Aprobado
2018 | Enero - Marzo;2018;Ene - Mar;n/a;n/a;peso;0;n/a
2018 | Abril - Junio;2018;Abr - Jun;n/a;n/a;peso;0;n/a
2018 | Julio - Septiembre;2018;Jul - Sep;n/a;n/a;peso;0;n/a
2018 | Octubre - Diciembre;2018;Oct - Dic;n/a;n/a;peso;0;n/a
2019 | Gastos efectuados en campaña O;2016;Oct - Dic;Alcaldes;na;Pesos;94.277.798;Aprobado
2019 | Gastos efectuados en campaña O;2016;Oct - Dic;Concejales;na;Pesos;124.115.841;Aprobado
2019 | Octubre - Diciembre;2019;Oct - Dic;n/a;n/a;peso;0;n/a
2020 | Gastos efectuados en campaña O;2016;Oct - Dic;Alcaldes;na;Pesos;94.277.798;Aprobado
2020 | Gastos efectuados en campaña O;2016;Oct - Dic;Concejales;na;Pesos;124.115.841;Aprobado
2020 | Enero - Marzo;2020;Enero - Marzo;n/a;n/a;peso;0;n/a
2020 | Abril - Junio;2020;Abril-Junio;n/a;n/a;peso;0;n/a
2020 | Julio - Septiembre;2020;Jul - Sep;Plebiscito;Franja Televisiva;Pesos;3.500.000;Por aprobar
2020 | Julio - Septiembre;2020;Jul - Sep;Plebiscito;Afiches publicitarios;Pesos;14.875;Por aprobar
2020 | Julio - Septiembre;2020;Jul - Sep;Plebiscito;Afiches publicitarios;Pesos;14.875;Por aprobar
2020 | Julio - Septiembre;2020;Jul - Sep;Plebiscito;Afiches publicitarios;Pesos;205.870;Por aprobar
2020 | Julio - Septiembre;2020;Jul - Sep;Plebiscito;Publicida radial;Pesos;190.400;Por aprobar
2020 | Julio - Septiembre;2020;Jul - Sep;Plebiscito;Publicida radial;Pesos;190.400;Por aprobar
2020 | Octubre - Diciembre;2020;Oct - Dic;Plebiscito;Publicidad radial;Pesos;5.716.021;Por aprobar
2020 | Octubre - Diciembre;2020;Oct - Dic;Plebiscito;Publicidad redes sociales;Pesos;1.600.000;Por aprobar
2021 | Gastos efectuados en campaña O;2016;Oct - Dic;Alcaldes;na;Pesos;94.277.798;Aprobado
2021 | Gastos efectuados en campaña O;2016;Oct - Dic;Concejales;na;Pesos;124.115.841;Aprobado
2021 | Enero - Marzo;2021;Ene-Mar;Gobernador Regional;Aportes a candidatos;Pesos;37.500.000;Por aprobar
2021 | Enero - Marzo;2021;Ene-Mar;Gobernador Regional;Honorarios;Pesos;3.405.555;Por aprobar
2021 | Enero - Marzo;2021;Ene-Mar;Gobernador Regional;Publicidad electoral;Pesos;1.142.757;Por aprobar
2021 | Enero - Marzo;2021;Ene-Mar;Convencionales Constituyentes;Aportes a candidatos;Pesos;129.800.000;Por aprobar
2021 | Enero - Marzo;2021;Ene-Mar;Convencionales Constituyentes;Honorarios;Pesos;3.144.446;Por aprobar
2021 | Enero - Marzo;2021;Ene-Mar;Convencionales Constituyentes;Publicidad electoral;Pesos;1.291.150;Por aprobar
2021 | Enero - Marzo;2021;Ene-Mar;Alcalde;Aportes a candidatos;Pesos;94.340.000;Por aprobar
2021 | Enero - Marzo;2021;Ene-Mar;Alcalde;Honorarios;Pesos;1.205.556;Por aprobar
2021 | Enero - Marzo;2021;Ene-Mar;Concejales;Aportes a candidatos;Pesos;116.150.297;Por aprobar
2021 | Enero - Marzo;2021;Ene-Mar;Concejales;Honorarios;Pesos;1.589.000;Por aprobar
2021 | Enero - Marzo;2021;Ene-Mar;Concejales;Publicidad electoral;Pesos;6.842.091;Por aprobar
2021 | Abril - Junio;2021;Abr-Jun;Gobernador Regional;Honorarios;Pesos;1.700.001;Por aprobar
2021 | Abril - Junio;2021;Abr-Jun;Gobernador Regional;Publicidad electoral;Pesos;2.306.582;Por aprobar
2021 | Abril - Junio;2021;Abr-Jun;Convencionales Constituyentes;Honorarios;Pesos;4.656.682;Por aprobar
2021 | Abril - Junio;2021;Abr-Jun;Convencionales Constituyentes;Publicidad electoral;Pesos;25.221.067;Por aprobar
2021 | Abril - Junio;2021;Abr-Jun;Alcalde;Aportes a candidatos;Pesos;3.000.000;Por aprobar
2021 | Abril - Junio;2021;Abr-Jun;Alcalde;Honorarios;Pesos;11.149.662;Por aprobar
2021 | Abril - Junio;2021;Abr-Jun;Alcalde;Publicidad electoral;Pesos;13.783.570;Por aprobar
2021 | Abril - Junio;2021;Abr-Jun;Concejales;Aportes a candidatos;Pesos;1.800.000;Por aprobar
2021 | Abril - Junio;2021;Abr-Jun;Concejales;Honorarios;Pesos;2.505.556;Por aprobar
2021 | Abril - Junio;2021;Abr-Jun;Concejales;Publicidad electoral;Pesos;3.134.350;Por aprobar
2021 | Abril - Junio;2021;Abr-Jun;Presidencial;Honorarios;Pesos;800.000;Por aprobar
2021 | Julio - Septiembre;2021;Jul - Sep;Primarias Presidenciales;Traslado de materiales;Pesos;1.075.760;Por aprobar
2021 | Julio - Septiembre;2021;Jul - Sep;Primarias Presidenciales;Publicidad electoral;Pesos;1.427.995;Por aprobar
2021 | Julio - Septiembre;2021;Jul - Sep;Primarias Presidenciales;Publicidad electoral;Pesos;36.669.504;Por aprobar
2021 | Julio - Septiembre;2021;Jul - Sep;Primarias Presidenciales;Telefonía Celular;Pesos;52.990;Por aprobar
2021 | Octubre - Diciembre;2021;Oct - Dic;Senadores;Aportes a candidatos;Pesos;85.000.000;Por aprobar
2021 | Octubre - Diciembre;2021;Oct - Dic;Senadores;Honorarios;Pesos;3.316.384;Por aprobar
2021 | Octubre - Diciembre;2021;Oct - Dic;Senadores;Publicidad electoral;Pesos;31.906.865;Por aprobar
2021 | Octubre - Diciembre;2021;Oct - Dic;Diputados;Aportes a candidatos;Pesos;108.500.000;Por aprobar
2021 | Octubre - Diciembre;2021;Oct - Dic;Diputados;Honorarios;Pesos;6.691.117;Por aprobar
2021 | Octubre - Diciembre;2021;Oct - Dic;Diputados;Publicidad electoral;Pesos;67.717.859;Por aprobar
2021 | Octubre - Diciembre;2021;Oct - Dic;Consejeros Regionales;Aportes a candidatos;Pesos;111.303.000;Por aprobar
2021 | Octubre - Diciembre;2021;Oct - Dic;Consejeros Regionales;Honorarios;Pesos;14.544.471;Por aprobar
2021 | Octubre - Diciembre;2021;Oct - Dic;Consejeros Regionales;Publicidad electoral;Pesos;38.743.039;Por aprobar
2022 | Gastos efectuados en campaña O;2016;Oct - Dic;Alcaldes;na;Pesos;94.277.798;Aprobado
2022 | Gastos efectuados en campaña O;2016;Oct - Dic;Concejales;na;Pesos;124.115.841;Aprobado
2022 | Enero - Marzo;2022;Ene - Mar;n/a;n/a;peso;0;n/a
2022 | Abril - Junio;2022;Abr - Jul;n/a;n/a;peso;0;n/a
2022 | Julio - Septiembre;2022;Jul-Sep;Plebiscito;Honorarios;Pesos;12.657.769;Por aprobar
2022 | Julio - Septiembre;2022;Jul-Sep;Plebiscito;Publicidad electoral;Pesos;190.660.107;Por aprobar
2022 | Julio - Septiembre;2022;Jul-Sep;Plebiscito;Gastos menores;Pesos;2.226.703;Por aprobar
2022 | Octubre - Diciembre;2022;Oct - Dic;Plebiscito;Honorarios;Pesos;1.795.442;Por aprobar
2022 | Octubre - Diciembre;2022;Oct - Dic;Plebiscito;Publicidad electoral;Pesos;7.807.693;Por aprobar
2022 | Octubre - Diciembre;2022;Oct - Dic;Plebiscito;Gastos menores;Pesos;1.997.842;Por aprobar
2023 | Gastos efectuados en campaña O;2016;Oct - Dic;Alcaldes;na;Pesos;94.277.798;Aprobado
2023 | Gastos efectuados en campaña O;2016;Oct - Dic;Concejales;na;Pesos;124.115.841;Aprobado
2023 | Enero - Marzo;2023;Ene-Mar;Consejeros Constitucionales;Honorarios;Pesos;574.713;Por aprobar
2023 | Enero - Marzo;2023;Ene-Mar;Consejeros Constitucionales;Publicidad electoral;Pesos;159.673.572;Por aprobar
2023 | Enero - Marzo;2023;Ene-Mar;Consejeros Constitucionales;Gastos menores;Pesos;0;Por aprobar
2023 | Abril - Junio;2023;Abr - Jun;Consejeros Constitucionales;Honorarios campaña;Pesos;5.534.600;Por aprobar
2023 | Abril - Junio;2023;Abr - Jun;Consejeros Constitucionales;Publicidad electoral;Pesos;137.631.569;Por aprobar
2023 | Abril - Junio;2023;Abr - Jun;Consejeros Constitucionales;Gastos menores;Pesos;576.410;Por aprobar
2023 | Abril - Junio;2023;Abr - Jun;Consejeros Constitucionales;Preparación candidatos;Pesos;2.100.000;Por aprobar
2023 | Abril - Junio;2023;Abr - Jun;Consejeros Constitucionales;Otros gastos campaña;Pesos;3.492.149;Por aprobar
2023 | Abril - Junio;2023;Abr - Jun;Consejeros Constitucionales;Material gráfico;Pesos;4.470.235;Por aprobar
2023 | Julio - Septiembre;2023;Jul - Sep;no aplica;no aplica;Pesos;0;Por aprobar
2023 | Octubre - Diciembre;2023;Oct - Dic;Plebiscito;Honorarios Campaña;Pesos;6.000.000;Por aprobar
2023 | Octubre - Diciembre;2023;Oct - Dic;Plebiscito;Publicidad Electoral;Pesos;300.791.917;Por aprobar
2023 | Octubre - Diciembre;2023;Oct - Dic;Plebiscito;Gastos Menores Campaña;Pesos;1.567.547;Por aprobar
2023 | Octubre - Diciembre;2023;Oct - Dic;Plebiscito;Material Grafico Campaña;Pesos;22.852.498;Por aprobar
2023 | Octubre - Diciembre;2023;Oct - Dic;Plebiscito;Otros gastos Electorales;Pesos;3.590.842;Por aprobar
2023 | Octubre - Diciembre;2023;Oct - Dic;Plebiscito;Publicidad Electoral BCI;Pesos;1.233.324;Por aprobar
2023 | Octubre - Diciembre;2023;Oct - Dic;Plebiscito;Otros gastos Electorales BCI;Pesos;1.712.535;Por aprobar
2023 | Octubre - Diciembre;2023;Oct - Dic;Plebiscito;Gastos Menores Campaña BCI;Pesos;150.000;Por aprobar
2024 | Gastos efectuados en campaña O;2016;Oct - Dic;Alcaldes;na;Pesos;94.277.798;Aprobado
2024 | Gastos efectuados en campaña O;2016;Oct - Dic;Concejales;na;Pesos;124.115.841;Aprobado
2024 | Enero - Marzo;2024;Ene - Mar;Plebiscito;Honorarios Campaña;Pesos;5.000.000;Por aprobar
2024 | Enero - Marzo;2024;Ene - Mar;Plebiscito;Publicidad Electoral;Pesos;692.740;Por aprobar
2024 | Enero - Marzo;2024;Ene - Mar;Plebiscito;Gastos Menores Campaña;Pesos;0;Por aprobar
2024 | Enero - Marzo;2024;Ene - Mar;Plebiscito;Material Grafico Campaña;Pesos;892.500;Por aprobar
2024 | Enero - Marzo;2024;Ene - Mar;Plebiscito;Otros gastos Electorales;Pesos;1.166.346;Por aprobar
2024 | Abril - Junio;2024;Abr - Jun;/a;/a;/a;/a;/a
2024 | Julio - Septiembre;2024;Jul - Sep;Alcalde;Publicidad Electoral;Pesos;273.679.301;Por aprobar
2024 | Julio - Septiembre;2024;Jul - Sep;Concejal;Publicidad Electoral;Pesos;409.046.414;Por aprobar
2024 | Julio - Septiembre;2024;Jul - Sep;Consejeros Regionales;Publicidad Electoral;Pesos;194.245.747;Por aprobar
2024 | Julio - Septiembre;2024;Jul - Sep;Gobernadores Regionales;Publicidad Electoral;Pesos;76.675.000;Por aprobar
2024 | Octubre - Noviembre;2024;Oct - Dic;Alcalde;Publicidad Electoral;Pesos;4.239.431;Por aprobar
2024 | Octubre - Noviembre;2024;Oct - Dic;Concejal;Publicidad Electoral;Pesos;12.145.751;Por aprobar
2024 | Octubre - Noviembre;2024;Oct - Dic;Consejeros Regionales;Publicidad Electoral;Pesos;132.740.616;Por aprobar
2024 | Octubre - Noviembre;2024;Oct - Dic;Gobernadores Regionales;Publicidad Electoral;Pesos;12.232.895;Por aprobar
2025 | Gastos efectuados en campaña O;2016;Oct - Dic;Alcaldes;na;Pesos;94.277.798;Aprobado
2025 | Gastos efectuados en campaña O;2016;Oct - Dic;Concejales;na;Pesos;124.115.841;Aprobado
2025 | Enero - Marzo;2025;Ene -Mar;/a;/a;/a;/a;/a
2025 | Abril - Junio;2025;Abr - Jun;Presidenciales;Publicidad Electoral;Pesos;22.500.000;Por aprobar
2025 | Abril - Junio;2025;Abr - Jun;Presidenciales;Material Grafico Campaña;Pesos;3.952.000;Por aprobar
2025 | Julio - Septiembre;2025;Jul - Sep;Parlamentaria;Publicidad Electoral;Pesos;75.500.000;Por aprobar
2025 | Octubre - Diciembre;2025;Oct - Dic;Presidencial;Publicidad Electoral;Pesos;90.166.875;Por aprobar
2025 | Octubre - Diciembre;2025;Oct - Dic;Presidencial;Aporte Candidata;Pesos;310.290.000;Por aprobar
2025 | Octubre - Diciembre;2025;Oct - Dic;Presidencial;Otros;Pesos;102.125;Por aprobar
2025 | Octubre - Diciembre;2025;Oct - Dic;Senadores;Publicidad Electoral;Pesos;45.190.000;Por aprobar
2025 | Octubre - Diciembre;2025;Oct - Dic;Senadores;Aporte Candidata;Pesos;48.500.000;Por aprobar
2025 | Octubre - Diciembre;2025;Oct - Dic;Senadores;Otros;Pesos;7.531;Por aprobar
2025 | Octubre - Diciembre;2025;Oct - Dic;Diputados;Publicidad Electoral;Pesos;84.080.654;Por aprobar
2025 | Octubre - Diciembre;2025;Oct - Dic;Diputados;Aporte Candidata;Pesos;5.000.000;Por aprobar
2025 | Octubre - Diciembre;2025;Oct - Dic;Diputados;Otros;Pesos;851.812;Por aprobar
2026 | Gastos efectuados en campaña O;2016;Oct - Dic;Alcaldes;na;Pesos;94.277.798;Aprobado
2026 | Gastos efectuados en campaña O;2016;Oct - Dic;Concejales;na;Pesos;124.115.841;Aprobado
