Periodo;c1;c2;c3;c4;c5
2016 | Octubre - Diciembre;2016;Oct - Dic;Cotizaciones;Pesos;49.736.945
2016 | Octubre - Diciembre;2016;Oct - Dic;Donaciones;Pesos;0
2016 | Octubre - Diciembre;2016;Oct - Dic;Asignaciones testamentarias;Pesos;0
2016 | Octubre - Diciembre;2016;Oct - Dic;Frutos y productos de los Bienes Patrimoniales;Pesos;0
2016 | Octubre - Diciembre;2016;Oct - Dic;Aportes del Estado (art. 33 bis Ley N°18603);Pesos;85.232.047
2016 | Octubre - Diciembre;2016;Oct - Dic;Otras Transferencias públicas;Pesos;8.992.324
2016 | Octubre - Diciembre;2016;Oct - Dic;Otras Transferencias privadas;Pesos;0
2017 | Enero - Marzo;2017;Ene - Mar;Ordinarias;Pesos;4.872.400
2017 | Enero - Marzo;2017;Ene - Mar;Extraordinarias;Pesos;86.540.710
2017 | Abril - Junio;2017;Abr - Jun;Ordinarias;Pesos;3.329.000
2017 | Abril - Junio;2017;Abr - Jun;Extraordinarias;Pesos;66.693.370
2017 | Julio - Septiembre;2017;Jul - Sep;Ordinarias;Pesos;3.058.200
2017 | Julio - Septiembre;2017;Jul - Sep;Extraordinarias;Pesos;88.372.376
2017 | Octubre - Diciembre;2017;Oct - Dic;Ordinarias;Pesos;1.640.200
2017 | Octubre - Diciembre;2017;Oct - Dic;Extraordinarias;Pesos;45.574.240
2018 | Enero - Marzo;2018;Ene - Mar;Ordinarias;Pesos;2.818.500
2018 | Enero - Marzo;2018;Ene - Mar;Extraordinarias;Pesos;28.725.434
2018 | Abril - Junio;2018;Abr - Jun;Ordinarias;Pesos;7.027.500
2018 | Abril - Junio;2018;Abr - Jun;Extraordinarias;Pesos;24.050.690
2018 | Julio - Septiembre;2018;Jul - Sep;Ordinarias;Pesos;8.861.419
2018 | Julio - Septiembre;2018;Jul - Sep;Extraordinarias;Pesos;32.893.350
2018 | Octubre - Diciembre;2018;Oct - Dic;Ordinarias;Pesos;3.209.900
2018 | Octubre - Diciembre;2018;Oct - Dic;Extraordinarias;Pesos;14.246.104
2019 | Enero - Marzo;2019;Ene - Mar;Ordinarias;Pesos;5.133.800
2019 | Enero - Marzo;2019;Ene - Mar;Extraordinarias;Pesos;21.164.500
2019 | Abril - Junio;2019;Abril - Junio;Ordinarias;Pesos;3.421.320
2019 | Abril - Junio;2019;Abril - Junio;Extraordinarias;Pesos;19.447.130
2019 | Julio - Septiembre;2019;Jul - Sep;Ordinarias;Pesos;3.531.900
2019 | Julio - Septiembre;2019;Jul - Sep;Extraordinarias;Pesos;55.919.545
2019 | Octubre - Diciembre;2019;Oct - Dic;Ordinarias;Pesos;2.941.900
2019 | Octubre - Diciembre;2019;Oct - Dic;Extraordinarias;Pesos;17.431.650
2020 | Enero - Marzo;2020;Ene - Mar;Ordinarias;Pesos;1.970.400
2020 | Enero - Marzo;2020;Ene - Mar;Extraordinarias;Pesos;25.887.770
2020 | Abril - Junio;2020;Abril - Junio;Ordinarias;Pesos;1.004.400
2020 | Abril - Junio;2020;Abril - Junio;Extraordinarias;Pesos;12.350.000
2020 | Julio - Septiembre;2020;Julio - Septiembre;Ordinarias;Pesos;11.989.207
2020 | Julio - Septiembre;2020;Julio - Septiembre;Extraordinarias;Pesos;15.333.854
2020 | Octubre - Diciembre;2020;Octubre - Diciembre;Ordinarias;Pesos;13.740.389
2020 | Octubre - Diciembre;2020;Octubre - Diciembre;Extraordinarias;Pesos;20.558.449
2021 | Enero - Marzo;2021;Enero - Marzo;Ordinarias;Pesos;1.412.900
2021 | Enero - Marzo;2021;Enero - Marzo;Extraordinarias;Pesos;20.555.969
2021 | Abril - Junio;2021;Abril - Junio;Ordinarias;Pesos;1.882.837
2021 | Abril - Junio;2021;Abril - Junio;Extraordinarias;Pesos;32.340.012
2021 | Julio - Septiembre;2021;Julio - Septiembre;Ordinarias;Pesos;3.345.600
2021 | Julio - Septiembre;2021;Julio - Septiembre;Extraordinarias;Pesos;9.621.991
2021 | Octubre - Diciembre;2021;Octubre - Diciembre;Ordinarias;Pesos;2.343.200
2021 | Octubre - Diciembre;2021;Octubre - Diciembre;Extraordinarias;Pesos;28.235.730
2022 | Enero - Marzo;2022;Enero - Marzo;Ordinarias;Pesos;3.272.800
2022 | Enero - Marzo;2022;Enero - Marzo;Extraordinarias;Pesos;16.516.360
2022 | Abril - Junio;2022;Abril - Junio;Ordinarias;Pesos;3.440.350
2022 | Abril - Junio;2022;Abril - Junio;Extraordinarias;Pesos;49.819.362
2022 | Julio - Septiembre;2022;Julio - Septiembre;Ordinarias;Pesos;3.321.400
2022 | Julio - Septiembre;2022;Julio - Septiembre;Extraordinarias;Pesos;83.763.231
2022 | Octubre - Diciembre;2022;Octubre - Diciembre;Ordinarias;Pesos;3.286.200
2022 | Octubre - Diciembre;2022;Octubre - Diciembre;Extraordinarias;Pesos;76.355.431
2023 | Enero - Marzo;2023;Enero - Marzo;Ordinarias;Pesos;3.642.901
2023 | Enero - Marzo;2023;Enero - Marzo;Extraordinarias;Pesos;56.983.612
2023 | Abril - Junio;2023;Abril - Junio;Ordinarias;Pesos;4.959.600
2023 | Abril - Junio;2023;Abril - Junio;Extraordinarias;Pesos;60.844.818
2023 | Julio - Septiembre;2023;Jul - Sep;Ordinarias;Pesos;6.421.400
2023 | Julio - Septiembre;2023;Jul - Sep;Extraordinarias;Pesos;83.679.971
2023 | Oct - Dic;2023;Oct - Dic;Ordinaria;Pesos;5.552.800
2023 | Oct - Dic;2023;Oct - Dic;Extraordinaria;Pesos;84.242.663
2024 | Enero - Marzo;2024;Ene - Mar;Ordinaria;Pesos;7.259.240
2024 | Enero - Marzo;2024;Ene - Mar;Extraordinaria;Pesos;65.063.898
2024 | Abril - Junio;2024;Abr - Jun;Ordinaria;Pesos;19.384.699
2024 | Abril - Junio;2024;Abr - Jun;Extraordinaria;Pesos;68.138.125
2024 | Julio - Septiembre;2024;Jul - Sept;Ordinaria;Pesos;23.020.438
2024 | Julio - Septiembre;2024;Jul - Sept;Extraordinaria;Pesos;71.500.539
2024 | Octubre - Noviembre;2024;Oct - Dic;Ordinaria;Pesos;7757298
2024 | Octubre - Noviembre;2024;Oct - Dic;Extraordinaria;Pesos;59512400
2025 | Enero - Marzo;2025;Ene - Mar;Ordinaria;Pesos;11.509.800
2025 | Enero - Marzo;2025;Ene - Mar;Extraordinaria;Pesos;53.943.664
2025 | Abril - Junio;2025;Abr - Jun;Ordinaria;Pesos;4.092.800
2025 | Abril - Junio;2025;Abr - Jun;Extraordinaria;Pesos;50.298.070
2025 | Abril - Junio;2025;Abr - Jun;Donaciones;Pesos;407.660
2025 | Julio - septiembre;2025;Jul - Sep;Ordinaria;Pesos;11.595.500
2025 | Julio - septiembre;2025;Jul - Sep;Extraordinaria;Pesos;37.435.317
2025 | Octubre - Diciembre;2025;Oct - Dic;Ordinaria;Pesos;14.248.100
2025 | Octubre - Diciembre;2025;Oct - Dic;Extraordinaria;Pesos;42.703.603
2026 | Enero - Marzo;2026;Ene - Mar;Ordinaria;Pesos;9749500
2026 | Enero - Marzo;2026;Ene - Mar;Extraordinaria;Pesos;22922950
